epoch,time,train/box_loss,train/cls_loss,train/dfl_loss,metrics/precision(B),metrics/recall(B),metrics/mAP50(B),metrics/mAP50-95(B),val/box_loss,val/cls_loss,val/dfl_loss,lr/pg0,lr/pg1,lr/pg2
1,66.776,1.42825,2.83613,1.20903,0.01049,1,0.431,0.24475,0.99423,3.35742,0.87678,0.000458691,0.000458691,0.000458691
2,131.365,0.93961,1.29335,0.99899,0.01042,1,0.72237,0.50094,0.93399,3.18909,0.88882,0.000916511,0.000916511,0.000916511
3,194.758,0.82155,1.09033,0.9591,1,0.26653,0.77698,0.59626,0.7245,2.75806,0.90846,0.00135547,0.00135547,0.00135547
4,258.594,0.66863,0.8463,0.90629,0.92953,0.97589,0.995,0.87059,0.5567,1.68589,0.92469,0.00134412,0.00134412,0.00134412
5,322.174,0.61531,0.79846,0.90008,0.98947,1,0.995,0.87867,0.57747,1.15196,0.88232,0.00131582,0.00131582,0.00131582
6,388.248,0.60281,0.78129,0.89447,0.99356,0.99951,0.995,0.8925,0.52713,0.95015,0.91017,0.00128753,0.00128753,0.00128753
7,454.847,0.53628,0.71992,0.88221,0.99878,1,0.995,0.89947,0.48738,0.74923,0.90395,0.00125923,0.00125923,0.00125923
8,518.606,0.45294,0.67518,0.86813,0.99754,1,0.995,0.90965,0.43627,0.66342,0.87512,0.00123094,0.00123094,0.00123094
9,582.173,0.43526,0.6344,0.85308,0.99869,1,0.995,0.95521,0.31515,0.53722,0.83017,0.00120265,0.00120265,0.00120265
10,645.746,0.39794,0.57952,0.85157,0.99897,1,0.995,0.94498,0.34809,0.54908,0.83737,0.00117435,0.00117435,0.00117435
11,709.486,0.40465,0.56292,0.84585,0.9984,1,0.995,0.94396,0.36112,0.58404,0.84813,0.00114606,0.00114606,0.00114606
12,772.974,0.42699,0.56786,0.85419,0.9984,1,0.995,0.96438,0.29252,0.52192,0.81944,0.00111776,0.00111776,0.00111776
13,836.503,0.40051,0.53058,0.83859,0.99887,1,0.995,0.95974,0.29036,0.50051,0.81551,0.00108947,0.00108947,0.00108947
14,899.853,0.35386,0.50803,0.83591,0.99873,1,0.995,0.98569,0.23043,0.46801,0.80348,0.00106118,0.00106118,0.00106118
15,963.346,0.33547,0.4977,0.82888,0.99859,1,0.995,0.97284,0.28207,0.46777,0.81142,0.00103288,0.00103288,0.00103288
16,1026.56,0.3291,0.49069,0.82922,0.99904,1,0.995,0.99378,0.20959,0.41094,0.79756,0.00100459,0.00100459,0.00100459
17,1090.52,0.3445,0.47251,0.82144,0.99854,1,0.995,0.99404,0.21354,0.42428,0.79557,0.000976293,0.000976293,0.000976293
18,1162.04,0.37078,0.47001,0.83193,0.99909,1,0.995,0.95638,0.31125,0.44252,0.81406,0.000947999,0.000947999,0.000947999
19,1248.33,0.35972,0.45429,0.82932,0.99895,1,0.995,0.95232,0.32137,0.42604,0.81886,0.000919704,0.000919704,0.000919704
20,1329.85,0.32798,0.44226,0.82613,0.9989,1,0.995,0.98045,0.25492,0.40689,0.8033,0.00089141,0.00089141,0.00089141
21,1411.59,0.31479,0.4224,0.8208,0.99862,1,0.995,0.99421,0.20834,0.38568,0.79207,0.000863116,0.000863116,0.000863116
22,1476.24,0.31596,0.43844,0.82368,0.99909,1,0.995,0.98663,0.20267,0.37579,0.78994,0.000834822,0.000834822,0.000834822
23,1539.69,0.26808,0.40203,0.81186,0.999,1,0.995,0.99453,0.1768,0.35382,0.7898,0.000806528,0.000806528,0.000806528
24,1602.82,0.28114,0.39972,0.80585,0.99914,1,0.995,0.97791,0.25702,0.3831,0.79745,0.000778233,0.000778233,0.000778233
25,1666.16,0.32234,0.4079,0.82098,0.99907,1,0.995,0.98287,0.25486,0.39482,0.8015,0.000749939,0.000749939,0.000749939
26,1729.5,0.31126,0.40274,0.80964,0.99907,1,0.995,0.99415,0.19289,0.35023,0.79123,0.000721645,0.000721645,0.000721645
27,1792.56,0.28014,0.3937,0.81208,0.99911,1,0.995,0.99212,0.2038,0.34828,0.79207,0.000693351,0.000693351,0.000693351
28,1855.93,0.26852,0.37774,0.80437,0.99901,1,0.995,0.995,0.17806,0.33529,0.78895,0.000665057,0.000665057,0.000665057
29,1919.14,0.24817,0.3601,0.79902,0.99898,1,0.995,0.99464,0.18226,0.33079,0.79146,0.000636762,0.000636762,0.000636762
30,1982.4,0.23586,0.36053,0.79726,0.99909,1,0.995,0.995,0.15936,0.32215,0.78724,0.000608468,0.000608468,0.000608468
31,2045.57,0.24018,0.38503,0.80984,0.99907,1,0.995,0.995,0.1509,0.30651,0.78572,0.000580174,0.000580174,0.000580174
32,2110,0.22296,0.35216,0.80119,0.99908,1,0.995,0.995,0.15917,0.30522,0.78609,0.00055188,0.00055188,0.00055188
33,2173.05,0.21196,0.3505,0.79912,0.99916,1,0.995,0.99463,0.16129,0.29292,0.78604,0.000523586,0.000523586,0.000523586
34,2236.07,0.22375,0.34447,0.7941,0.99905,1,0.995,0.995,0.14785,0.30119,0.78216,0.000495291,0.000495291,0.000495291
35,2298.99,0.23039,0.34752,0.80232,0.99898,1,0.995,0.995,0.16982,0.30151,0.78625,0.000466997,0.000466997,0.000466997
36,2361.86,0.22196,0.33388,0.79497,0.99904,1,0.995,0.995,0.1515,0.29138,0.78025,0.000438703,0.000438703,0.000438703
37,2424.79,0.22191,0.3351,0.79262,0.99902,1,0.995,0.995,0.13579,0.29339,0.78139,0.000410409,0.000410409,0.000410409
38,2487.71,0.21231,0.32869,0.80493,0.99914,1,0.995,0.995,0.13664,0.27168,0.78065,0.000382115,0.000382115,0.000382115
